ID;Nombre;Nombre Completo;Rama;Generacion;Rol;Distincion;Tiene Foto;ID Conyuge;ID Progenitor;Notas
"carlos_alberto";"CARLOS ALBERTO";"Carlos Alberto Reyna";"Cabezas de Familia";1;"Patriarca";"";SI;"maria_laura";"";"Patriarca de la Familia Reyna Aliaga."
"maria_laura";"MARÍA LAURA";"María Laura Aliaga de Reyna";"Cabezas de Familia";1;"Matriarca";"";SI;"carlos_alberto";"";"Matriarca de la Familia Reyna Aliaga."
"graciela";"GRACIELA";"Graciela Reyna Aliaga";"Rama Graciela";2;"Hija";"";NO;"hector";"carlos_alberto";""
"hector";"HECTOR";"Héctor";"Rama Graciela";2;"Cónyuge";"";NO;"graciela";"";""
"mateo_g";"MATEO";"Mateo";"Rama Graciela";3;"Nieto";"";NO;"susana_g";"graciela";""
"susana_g";"SUSANA";"Susana";"Rama Graciela";3;"Cónyuge Nieto";"";NO;"mateo_g";"";""
"milagros_g";"MILAGROS";"Milagros";"Rama Graciela";4;"Bisnieto";"";NO;"";"mateo_g";""
"maria_paz_g";"MARÍA PAZ";"María Paz";"Rama Graciela";4;"Bisnieto";"";NO;"";"mateo_g";""
"trinidad_g";"TRINIDAD";"Trinidad";"Rama Graciela";4;"Bisnieto";"";NO;"";"mateo_g";""
"juan_g";"JUAN";"Juan";"Rama Graciela";4;"Bisnieto";"";NO;"";"mateo_g";""
"rodrigo_g";"RODRIGO";"Rodrigo";"Rama Graciela";3;"Nieto";"";NO;"carolina_g";"graciela";""
"carolina_g";"CAROLINA";"Carolina";"Rama Graciela";3;"Cónyuge Nieto";"";NO;"rodrigo_g";"";""
"guadalupe_g";"GUADALUPE";"Guadalupe";"Rama Graciela";4;"Bisnieto";"";NO;"";"rodrigo_g";""
"victoria_g";"VICTORIA";"Victoria";"Rama Graciela";4;"Bisnieto";"";NO;"";"rodrigo_g";""
"matias_g";"MATÍAS";"Matías";"Rama Graciela";4;"Bisnieto";"";NO;"";"rodrigo_g";""
"jimena_g";"JIMENA";"Jimena";"Rama Graciela";3;"Nieto";"";NO;"ariel_g";"graciela";""
"ariel_g";"ARIEL";"Ariel";"Rama Graciela";3;"Cónyuge Nieto";"";NO;"jimena_g";"";""
"andres_g";"ANDRÉS";"Andrés";"Rama Graciela";4;"Bisnieto";"";NO;"";"jimena_g";""
"joaquin_g";"JOAQUÍN";"Joaquín";"Rama Graciela";4;"Bisnieto";"";NO;"";"jimena_g";""
"rocio_g";"ROCÍO";"Rocío";"Rama Graciela";3;"Nieto";"";NO;"juan_rocio_g";"graciela";""
"juan_rocio_g";"JUAN";"Juan";"Rama Graciela";3;"Cónyuge Nieto";"";NO;"rocio_g";"";""
"santiago_rocio_g";"SANTIAGO";"Santiago";"Rama Graciela";4;"Bisnieto";"";NO;"";"rocio_g";""
"mia_rocio_g";"MIA";"Mia";"Rama Graciela";4;"Bisnieto";"";NO;"";"rocio_g";""
"lucia_rocio_g";"LUCÍA";"Lucía";"Rama Graciela";4;"Bisnieto";"";NO;"";"rocio_g";""
"martin_g";"MARTÍN";"Martín";"Rama Graciela";3;"Nieto";"";NO;"rocio_martin_g";"graciela";""
"rocio_martin_g";"ROCÍO";"Rocío";"Rama Graciela";3;"Cónyuge Nieto";"";NO;"martin_g";"";""
"santiago_martin_g";"SANTIAGO";"Santiago";"Rama Graciela";4;"Bisnieto";"";NO;"";"martin_g";""
"joaquin_martin_g";"JOAQUÍN";"Joaquín";"Rama Graciela";4;"Bisnieto";"";NO;"";"martin_g";""
"carlos_rama";"CARLOS";"Carlos Reyna Aliaga";"Rama Carlos";2;"Hijo";"";NO;"alicia_c";"carlos_alberto";""
"alicia_c";"ALICIA";"Alicia";"Rama Carlos";2;"Cónyuge";"";NO;"carlos_rama";"";""
"mercedes_c";"MERCEDES";"Mercedes";"Rama Carlos";3;"Nieto";"";NO;"pablo_c";"carlos_rama";""
"pablo_c";"PABLO";"Pablo";"Rama Carlos";3;"Cónyuge Nieto";"";NO;"mercedes_c";"";""
"ramiro_c";"RAMIRO";"Ramiro";"Rama Carlos";4;"Bisnieto";"";NO;"";"mercedes_c";""
"rosario_c";"ROSARIO";"Rosario";"Rama Carlos";4;"Bisnieto";"";NO;"";"mercedes_c";""
"consuelo_c";"CONSUELO";"Consuelo";"Rama Carlos";3;"Nieto";"";NO;"gonzalo_c";"carlos_rama";""
"gonzalo_c";"GONZALO";"Gonzalo";"Rama Carlos";3;"Cónyuge Nieto";"";NO;"consuelo_c";"";""
"jorge_rama";"JORGE";"Jorge Reyna Aliaga";"Rama Jorge";2;"Hijo";"";NO;"maria_helena_j";"carlos_alberto";""
"maria_helena_j";"MARÍA HELENA";"María Helena";"Rama Jorge";2;"Cónyuge";"";NO;"jorge_rama";"";""
"patricia_j";"PATRICIA";"Patricia";"Rama Jorge";3;"Nieto";"";NO;"javier_j";"jorge_rama";""
"javier_j";"JAVIER";"Javier";"Rama Jorge";3;"Cónyuge Nieto";"";NO;"patricia_j";"";""
"josefina_j";"JOSEFINA";"Josefina";"Rama Jorge";4;"Bisnieto";"";NO;"";"patricia_j";""
"felipe_j";"FELIPE";"Felipe";"Rama Jorge";4;"Bisnieto";"";NO;"";"patricia_j";""
"alejandra_j";"ALEJANDRA";"Alejandra";"Rama Jorge";3;"Nieto";"";NO;"matias_j";"jorge_rama";""
"matias_j";"MATÍAS";"Matías";"Rama Jorge";3;"Cónyuge Nieto";"";NO;"alejandra_j";"";""
"pedro_j";"PEDRO";"Pedro";"Rama Jorge";4;"Bisnieto";"";NO;"";"alejandra_j";""
"tomas_j";"TOMÁS";"Tomás";"Rama Jorge";4;"Bisnieto";"";NO;"";"alejandra_j";""
"santiago_j";"SANTIAGO";"Santiago";"Rama Jorge";4;"Bisnieto";"";NO;"";"alejandra_j";""
"amalia_j";"AMALIA";"Amalia";"Rama Jorge";3;"Nieto";"";NO;"";"jorge_rama";""
"marialaura_rama";"MARÍA LAURA";"María Laura Reyna Aliaga";"Rama María Laura";2;"Hija";"";NO;"jorge_ml";"carlos_alberto";""
"jorge_ml";"JORGE";"Jorge";"Rama María Laura";2;"Cónyuge";"";NO;"marialaura_rama";"";""
"federico_ml";"FEDERICO";"Federico";"Rama María Laura";3;"Nieto";"";NO;"carolina_ml";"marialaura_rama";""
"carolina_ml";"CAROLINA";"Carolina";"Rama María Laura";3;"Cónyuge Nieto";"";NO;"federico_ml";"";""
"catalina_ml";"CATALINA";"Catalina";"Rama María Laura";4;"Bisnieto";"";NO;"";"federico_ml";""
"benjamin_ml";"BENJAMÍN";"Benjamín";"Rama María Laura";4;"Bisnieto";"";NO;"";"federico_ml";""
"laura_ml";"LAURA";"Laura";"Rama María Laura";3;"Nieto";"";NO;"";"marialaura_rama";""
"inigo_ml";"IÑIGO";"Iñigo";"Rama María Laura";4;"Bisnieto";"";NO;"";"laura_ml";""
"helena_ml";"HELENA";"Helena";"Rama María Laura";4;"Bisnieto";"";NO;"";"laura_ml";""
"cecilia_rama";"CECILIA";"Cecilia Reyna Aliaga";"Rama Cecilia";2;"Hija";"";NO;"ernesto_cec";"carlos_alberto";""
"ernesto_cec";"ERNESTO";"Ernesto";"Rama Cecilia";2;"Cónyuge";"";NO;"cecilia_rama";"";""
"carlos_patricio_cec";"CARLOS PATRICIO";"Carlos Patricio";"Rama Cecilia";3;"Nieto";"";NO;"maria_angela_cec";"cecilia_rama";""
"maria_angela_cec";"MARÍA ÁNGELA";"María Ángela";"Rama Cecilia";3;"Cónyuge Nieto";"";NO;"carlos_patricio_cec";"";""
"ludmila_cec";"LUDMILA";"Ludmila";"Rama Cecilia";4;"Bisnieto";"";NO;"";"carlos_patricio_cec";""
"alicia_cec";"ALICIA";"Alicia";"Rama Cecilia";4;"Bisnieto";"";NO;"";"carlos_patricio_cec";""
"rodrigo_cec";"RODRIGO";"Rodrigo";"Rama Cecilia";4;"Bisnieto";"";NO;"";"carlos_patricio_cec";""
"soledad_cec";"SOLEDAD";"Soledad";"Rama Cecilia";3;"Nieto";"";NO;"sergio_cec";"cecilia_rama";""
"sergio_cec";"SERGIO";"Sergio";"Rama Cecilia";3;"Cónyuge Nieto";"";NO;"soledad_cec";"";""
"cecilia_sol_cec";"CECILIA";"Cecilia";"Rama Cecilia";4;"Bisnieto";"";NO;"mingo_cec";"soledad_cec";""
"mingo_cec";"MINGO";"Mingo";"Rama Cecilia";4;"Cónyuge Bisnieto";"";NO;"cecilia_sol_cec";"";""
"nicolas_cec";"NICOLÁS";"Nicolás";"Rama Cecilia";4;"Bisnieto";"";NO;"sharon_cec";"soledad_cec";""
"sharon_cec";"SHARON";"Sharon";"Rama Cecilia";4;"Cónyuge Bisnieto";"";NO;"nicolas_cec";"";""
"santino_cec";"SANTINO";"Santino";"Rama Cecilia";5;"Tataranieto";"";NO;"";"nicolas_cec";""
"emiliano_ernesto_cec";"ERNESTO";"Ernesto";"Rama Cecilia";5;"Tataranieto";"";NO;"";"nicolas_cec";""
"nazareno_cec";"NAZARENO";"Nazareno";"Rama Cecilia";4;"Bisnieto";"";NO;"";"soledad_cec";""
"adriana_rama";"ADRIANA";"Adriana Reyna Aliaga";"Rama Adriana";2;"Hija";"";NO;"carlos_adr";"carlos_alberto";""
"carlos_adr";"CARLOS";"Carlos";"Rama Adriana";2;"Cónyuge";"";NO;"adriana_rama";"";""
"carlos_hijo_adr";"CARLOS";"Carlos";"Rama Adriana";3;"Nieto";"";NO;"jorgelina_adr";"adriana_rama";""
"jorgelina_adr";"JORGELINA";"Jorgelina";"Rama Adriana";3;"Cónyuge Nieto";"";NO;"carlos_hijo_adr";"";""
"manuel_adr";"MANUEL";"Manuel";"Rama Adriana";4;"Bisnieto";"";NO;"";"carlos_hijo_adr";""
"bartolome_adr";"BARTOLOMÉ";"Bartolomé";"Rama Adriana";4;"Bisnieto";"";NO;"";"carlos_hijo_adr";""
"antonio_adr";"ANTONIO";"Antonio";"Rama Adriana";4;"Bisnieto";"";NO;"";"carlos_hijo_adr";""
"paula_adr";"PAULA";"Paula";"Rama Adriana";3;"Nieto";"";NO;"joaquin_adr";"adriana_rama";""
"joaquin_adr";"JOAQUÍN";"Joaquín";"Rama Adriana";3;"Cónyuge Nieto";"";NO;"paula_adr";"";""
"lorenzo_adr";"LORENZO";"Lorenzo";"Rama Adriana";4;"Bisnieto";"";NO;"";"paula_adr";""
"blanca_adr";"BLANCA";"Blanca";"Rama Adriana";4;"Bisnieto";"";NO;"";"paula_adr";""
"agustin_adr";"AGUSTÍN";"Agustín";"Rama Adriana";3;"Nieto";"";NO;"";"adriana_rama";""
"fernando_rama";"FERNANDO";"Fernando Reyna Aliaga";"Rama Fernando";2;"Hijo";"";NO;"teresa_fer";"carlos_alberto";""
"teresa_fer";"TERESA";"Teresa";"Rama Fernando";2;"Cónyuge";"";NO;"fernando_rama";"";""
"ines_fer";"INÉS";"Inés";"Rama Fernando";3;"Nieto";"";NO;"franco_fer";"fernando_rama";""
"franco_fer";"FRANCO";"Franco";"Rama Fernando";3;"Cónyuge Nieto";"";NO;"ines_fer";"";""
"cecilia_fer";"CECILIA";"Cecilia";"Rama Fernando";3;"Nieto";"";NO;"juan_cec_fer";"fernando_rama";""
"juan_cec_fer";"JUAN";"Juan";"Rama Fernando";3;"Cónyuge Nieto";"";NO;"cecilia_fer";"";""
"leon_fer";"LEÓN";"León";"Rama Fernando";4;"Bisnieto";"";NO;"";"cecilia_fer";""
"lucia_fer";"LUCÍA";"Lucía";"Rama Fernando";3;"Nieto";"";NO;"emiliano_fer";"fernando_rama";""
"emiliano_fer";"EMILIANO";"Emiliano";"Rama Fernando";3;"Cónyuge Nieto";"";NO;"lucia_fer";"";""
"francisco_luc_fer";"FRANCISCO";"Francisco";"Rama Fernando";4;"Bisnieto";"";NO;"";"lucia_fer";""
"felipe_luc_fer";"FELIPE";"Felipe";"Rama Fernando";4;"Bisnieto";"";NO;"";"lucia_fer";""
"martin_fer";"MARTÍN";"Martín";"Rama Fernando";3;"Nieto";"";NO;"";"fernando_rama";""
"juan_ignacio_fer";"JUAN IGNACIO";"Juan Ignacio";"Rama Fernando";3;"Nieto";"";NO;"";"fernando_rama";""
"gonzalo_fer";"GONZALO";"Gonzalo";"Rama Fernando";3;"Nieto";"";NO;"";"fernando_rama";""
"santiago_fer";"SANTIAGO";"Santiago";"Rama Fernando";3;"Nieto";"";NO;"valentina_fer";"fernando_rama";""
"valentina_fer";"VALENTINA";"Valentina";"Rama Fernando";3;"Cónyuge Nieto";"";NO;"santiago_fer";"";""
"belen_fer";"BELÉN";"Belén";"Rama Fernando";3;"Nieto";"";NO;"javier_fer";"fernando_rama";""
"javier_fer";"JAVIER";"Javier";"Rama Fernando";3;"Cónyuge Nieto";"";NO;"belen_fer";"";""
"hernan_fer";"HERNÁN";"Hernán";"Rama Fernando";3;"Nieto";"";NO;"";"fernando_rama";""
"mariana_fer";"MARIANA";"Mariana";"Rama Fernando";3;"Nieto";"";NO;"rodrigo_fer";"fernando_rama";""
"rodrigo_fer";"RODRIGO";"Rodrigo";"Rama Fernando";3;"Cónyuge Nieto";"";NO;"mariana_fer";"";""
"victoria_fer";"VICTORIA";"Victoria";"Rama Fernando";3;"Nieto";"";NO;"";"fernando_rama";""
"jose_luis_rama";"JOSÉ LUIS";"José Luis Reyna Aliaga";"Rama José Luis";2;"Hijo";"SACERDOTE";NO;"";"carlos_alberto";"Sacerdote. Consagrado a la vida religiosa."
"isabel_rama";"ISABEL";"Isabel Reyna Aliaga";"Rama Isabel";2;"Hija";"";NO;"roberto_isa";"carlos_alberto";""
"roberto_isa";"ROBERTO";"Roberto";"Rama Isabel";2;"Cónyuge";"";NO;"isabel_rama";"";""
"bernardo_isa";"BERNARDO";"Bernardo";"Rama Isabel";3;"Nieto";"";NO;"marcela_isa";"isabel_rama";""
"marcela_isa";"MARCELA";"Marcela";"Rama Isabel";3;"Cónyuge Nieto";"";NO;"bernardo_isa";"";""
"mia_isa";"MIA";"Mia";"Rama Isabel";4;"Bisnieto";"";NO;"";"bernardo_isa";""
"clara_isa";"CLARA";"Clara";"Rama Isabel";3;"Nieto";"";NO;"mariano_isa";"isabel_rama";""
"mariano_isa";"MARIANO";"Mariano";"Rama Isabel";3;"Cónyuge Nieto";"";NO;"clara_isa";"";""
"eugenio_rama";"EUGENIO";"Eugenio Reyna Aliaga";"Rama Eugenio";2;"Hijo";"";NO;"gabriela_eug";"carlos_alberto";""
"gabriela_eug";"GABRIELA";"Gabriela";"Rama Eugenio";2;"Cónyuge";"";NO;"eugenio_rama";"";""
"juan_ignacio_eug";"JUAN IGNACIO";"Juan Ignacio";"Rama Eugenio";3;"Nieto";"";NO;"carla_eug";"eugenio_rama";""
"carla_eug";"CARLA";"Carla";"Rama Eugenio";3;"Cónyuge Nieto";"";NO;"juan_ignacio_eug";"";""
"lucas_eug";"LUCAS";"Lucas";"Rama Eugenio";4;"Bisnieto";"";NO;"";"juan_ignacio_eug";""
"carlos_alberto_hijo_eug";"CARLOS ALBERTO";"Carlos Alberto";"Rama Eugenio";3;"Nieto";"";NO;"andrea_eug";"eugenio_rama";""
"andrea_eug";"ANDREA";"Andrea";"Rama Eugenio";3;"Cónyuge Nieto";"";NO;"carlos_alberto_hijo_eug";"";""
"constanza_eug";"CONSTANZA";"Constanza";"Rama Eugenio";4;"Bisnieto";"";NO;"";"carlos_alberto_hijo_eug";""
"tiziano_eug";"TIZIANO";"Tiziano";"Rama Eugenio";4;"Bisnieto";"";NO;"";"carlos_alberto_hijo_eug";""
"maria_cecilia_eug";"MARÍA CECILIA";"María Cecilia";"Rama Eugenio";4;"Bisnieto";"";NO;"";"carlos_alberto_hijo_eug";""
"eugenia_eug";"EUGENIA";"Eugenia";"Rama Eugenio";3;"Nieto";"";NO;"thiago_eug";"eugenio_rama";""
"thiago_eug";"THIAGO";"Thiago";"Rama Eugenio";3;"Cónyuge Nieto";"";NO;"eugenia_eug";"";""
"mateo_eug";"MATEO";"Mateo";"Rama Eugenio";4;"Bisnieto";"";NO;"";"eugenia_eug";""
"valen_eug";"VALEN";"Valen";"Rama Eugenio";3;"Nieto";"";NO;"";"eugenio_rama";""
"agustin_eug";"AGUSTÍN";"Agustín";"Rama Eugenio";3;"Nieto";"";NO;"";"eugenio_rama";""
"francisco_rama";"FRANCISCO";"Francisco Reyna Aliaga";"Rama Francisco";2;"Hijo";"";NO;"maria_laura_fran";"carlos_alberto";""
"maria_laura_fran";"MARÍA LAURA";"María Laura";"Rama Francisco";2;"Cónyuge";"";NO;"francisco_rama";"";""
"marcos_fran";"MARCOS";"Marcos";"Rama Francisco";3;"Nieto";"";NO;"angeles_fran";"francisco_rama";""
"angeles_fran";"ÁNGELES";"Ángeles";"Rama Francisco";3;"Cónyuge Nieto";"";NO;"marcos_fran";"";""
"maria_emilia_fran";"MARÍA EMILIA";"María Emilia";"Rama Francisco";4;"Bisnieto";"";NO;"";"marcos_fran";""
"felipe_marcos_fran";"FELIPE";"Felipe";"Rama Francisco";4;"Bisnieto";"";NO;"";"marcos_fran";""
"francisco_hijo_fran";"FRANCISCO";"Francisco";"Rama Francisco";3;"Nieto";"";NO;"camila_fran";"francisco_rama";""
"camila_fran";"CAMILA";"Camila";"Rama Francisco";3;"Cónyuge Nieto";"";NO;"francisco_hijo_fran";"";""
"tomas_fran";"TOMÁS";"Tomás";"Rama Francisco";4;"Bisnieto";"";NO;"";"francisco_hijo_fran";""
"roque_fran";"ROQUE";"Roque";"Rama Francisco";4;"Bisnieto";"";NO;"";"francisco_hijo_fran";""
"juan_cruz_fran";"JUAN CRUZ";"Juan Cruz";"Rama Francisco";3;"Nieto";"";NO;"milagros_fran";"francisco_rama";""
"milagros_fran";"MILAGROS";"Milagros";"Rama Francisco";3;"Cónyuge Nieto";"";NO;"juan_cruz_fran";"";""
"maria_carmen_fran";"MARÍA DEL CARMEN";"María del Carmen";"Rama Francisco";4;"Bisnieto";"";NO;"";"juan_cruz_fran";""